{
    "total": 2,
    "contracts": [
        {
            "audit": {
                "created": {
                    "date": "2017-07-19T20:46:22.440Z"
                },
                "updated": {}
            },
            "masterOrganizationId": "f0c9b011-980e-4928-9430-e60e3a97c043",
            "organizationId": "f0c9b011-980e-4928-9430-e60e3a97c043",
            "id": 24,
            "status": "APPROVED",
            "approvedDate": "2017-07-19T20:46:22.520Z",
            "rejectedDate": null,
            "revokedDate": null,
            "applicationId": 1,
            "application": {
                "audit": {
                    "created": {
                        "date": "2017-07-19T20:46:19.307Z"
                    },
                    "updated": {}
                },
                "id": 1,
                "name": "dolor 1",
                "description": "repudiandae quo ab veritatis recusandae consequatur perferendis delectus corporis illo rerum officia quia quaerat ut dolorem eos illum optio odio alias amet nihil consequatur et et reprehenderit voluptate vel ipsa corrupti et dicta sint minus rerum culpa rerum labore temporibus qui dolores porro dolor quam molestias ea est aliquid nam",
                "coreServicesId": "98ecdda9dc524b37b141e2cc3ee19747",
                "url": "http://sample-app.com/1"
            },
            "tierId": 48,
            "tier": {
                "audit": {
                    "created": {
                        "date": "2017-07-19T20:46:22.197Z"
                    },
                    "updated": {}
                },
                "id": 48,
                "name": "magni 48",
                "description": "incidunt sit eius vel quo qui qui ex et\nrerum possimus laudantium fugit minima aut perferendis\nmaiores dolore tempore non",
                "limits": [
                    {
                        "maximumRequests": 1000000,
                        "timePeriodInMilliseconds": 1000,
                        "visible": true
                    }
                ],
                "status": "DEPRECATED",
                "autoApprove": true
            },
            "requestedTierId": null,
            "requestedTier": null,
            "terms": null,
            "partyId": null,
            "partyName": null,
            "apiId": 25,
            "api": {
                "audit": {
                    "created": {},
                    "updated": {}
                },
                "id": 25
            }
        },
        {
            "audit": {
                "created": {
                    "date": "2017-08-03T22:13:14.533Z"
                },
                "updated": {
                    "date": "2017-08-03T22:16:36.673Z"
                }
            },
            "masterOrganizationId": "f0c9b011-980e-4928-9430-e60e3a97c043",
            "organizationId": "f0c9b011-980e-4928-9430-e60e3a97c043",
            "id": 77,
            "status": "APPROVED",
            "approvedDate": "2017-08-03T22:16:36.673Z",
            "rejectedDate": null,
            "revokedDate": null,
            "applicationId": 4,
            "application": {
                "audit": {
                    "created": {
                        "date": "2017-08-03T21:48:25.994Z"
                    },
                    "updated": {}
                },
                "id": 4,
                "name": "App1",
                "description": null,
                "coreServicesId": "9437726c426b41c8ac11d38445caf218",
                "url": null
            },
            "tierId": 39,
            "tier": {
                "audit": {
                    "created": {
                        "date": "2017-07-19T20:46:22.146Z"
                    },
                    "updated": {}
                },
                "id": 39,
                "name": "voluptatem 39",
                "description": "et in non inventore blanditiis voluptas voluptatem enim et\nculpa accusamus corporis\nvoluptas et dolorem ipsa",
                "limits": [
                    {
                        "maximumRequests": 100000,
                        "timePeriodInMilliseconds": 2592000000,
                        "visible": false
                    }
                ],
                "status": "ACTIVE",
                "autoApprove": true
            },
            "requestedTierId": null,
            "requestedTier": null,
            "terms": null,
            "partyId": "1",
            "partyName": "hola",
            "apiId": 25,
            "api": {
                "audit": {
                    "created": {},
                    "updated": {}
                },
                "id": 25
            }
        }
    ]
}
