{
    "audit": {
        "created": {
            "date": "2017-07-19T20:46:22.440Z"
        },
        "updated": {}
    },
    "masterOrganizationId": "f0c9b011-980e-4928-9430-e60e3a97c043",
    "organizationId": "f0c9b011-980e-4928-9430-e60e3a97c043",
    "id": 24,
    "status": "APPROVED",
    "approvedDate": "2017-07-19T20:46:22.520Z",
    "rejectedDate": null,
    "revokedDate": null,
    "applicationId": 1,
    "application": {
        "audit": {
            "created": {
                "date": "2017-07-19T20:46:19.307Z"
            },
            "updated": {}
        },
        "masterOrganizationId": "f0c9b011-980e-4928-9430-e60e3a97c043",
        "id": 1,
        "name": "dolor 1",
        "description": "repudiandae quo ab veritatis recusandae consequatur perferendis delectus corporis illo rerum officia quia quaerat ut dolorem eos illum optio odio alias amet nihil consequatur et et reprehenderit voluptate vel ipsa corrupti et dicta sint minus rerum culpa rerum labore temporibus qui dolores porro dolor quam molestias ea est aliquid nam",
        "coreServicesId": "98ecdda9dc524b37b141e2cc3ee19747",
        "url": "http://sample-app.com/1",
        "grantTypes": [],
        "redirectUri": [
            "http://sample-app.com/1/redirect"
        ],
        "clientId": "98ecdda9dc524b37b141e2cc3ee19747",
        "clientSecret": "0232Bfa61c6d408a9d28E68DdEf4654C",
        "owner": "Api Creator",
        "email": "api.platform.qa+api_creator@gmail.com",
        "owners": [
            {
                "id": "89a5337d-d315-43f9-a390-c1ac1b524eae",
                "createdAt": "2017-07-19T20:45:26.096Z",
                "updatedAt": "2017-07-19T20:45:27.368Z",
                "firstName": "Api",
                "lastName": "Creator",
                "email": "api.platform.qa+api_creator@gmail.com",
                "phoneNumber": "111-111-1111",
                "idprovider_id": "mulesoft",
                "username": "api_creator",
                "enabled": true,
                "deleted": false,
                "organizationPreferences": {},
                "organization": {
                    "name": "MuleSoft Inc",
                    "id": "f0c9b011-980e-4928-9430-e60e3a97c043",
                    "createdAt": "2017-07-19T20:45:26.649Z",
                    "updatedAt": "2017-07-19T20:45:28.450Z",
                    "ownerId": "57e281b5-ec5b-4701-80a0-92a936a68da3",
                    "clientId": "285f0e52ec7c4cadaa5804497d11fcb8",
                    "domain": "mulesoft-inc",
                    "idprovider_id": "mulesoft",
                    "isFederated": false,
                    "parentOrganizationIds": [],
                    "subOrganizationIds": [
                        "bec472ed-dbeb-48b5-b978-0984394673a6",
                        "0d12b66b-ee6a-4d66-b36c-6aeee637cde2",
                        "07fd6c5b-0036-48a3-b2af-3194c06bed6c"
                    ],
                    "tenantOrganizationIds": [],
                    "isMaster": true,
                    "subscription": {
                        "type": "Trial",
                        "expiration": "2017-08-18T20:45:26.645Z"
                    },
                    "properties": {},
                    "entitlements": {
                        "createEnvironments": true,
                        "globalDeployment": false,
                        "createSubOrgs": true,
                        "hybrid": {
                            "enabled": true
                        },
                        "hybridInsight": false,
                        "vCoresSandbox": {
                            "assigned": 1,
                            "reassigned": 0
                        },
                        "staticIps": {
                            "assigned": 0,
                            "reassigned": 0
                        },
                        "vpcs": {
                            "assigned": 0,
                            "reassigned": 0
                        },
                        "workerLoggingOverride": {
                            "enabled": false
                        },
                        "mqMessages": {
                            "base": 100000,
                            "addOn": 0
                        },
                        "mqRequests": {
                            "base": 1000000,
                            "addOn": 0
                        },
                        "mqAdvancedFeatures": {
                            "enabled": false
                        },
                        "objectStoreRequestUnits": {
                            "base": 15000000,
                            "addOn": 0
                        },
                        "objectStoreKeys": {
                            "base": 100000,
                            "addOn": 0
                        },
                        "gateways": {
                            "assigned": 1
                        },
                        "designCenter": {
                            "mozart": false,
                            "api": false
                        },
                        "partnersProduction": {
                            "assigned": 0
                        },
                        "partnersSandbox": {
                            "assigned": 0
                        },
                        "loadBalancer": {
                            "assigned": 0,
                            "reassigned": 0
                        },
                        "externalIdentity": true,
                        "autoscaling": false,
                        "armAlerts": true,
                        "apis": {
                            "enabled": true
                        },
                        "vCoresProduction": {
                            "assigned": 0,
                            "reassigned": 0
                        },
                        "crowd": {
                            "hideApiManagerDesigner": true
                        },
                        "vCoresDesign": {
                            "assigned": 1,
                            "reassigned": 0
                        },
                        "cam": {
                            "enabled": false
                        },
                        "exchange2": {
                            "enabled": false
                        },
                        "kpiDashboard": {
                            "enabled": false
                        },
                        "messaging": {
                            "assigned": 1
                        }
                    }
                },
                "properties": {}
            }
        ]
    },
    "tierId": 48,
    "tier": {
        "audit": {
            "created": {
                "date": "2017-07-19T20:46:22.197Z"
            },
            "updated": {}
        },
        "id": 48,
        "name": "magni 48",
        "description": "incidunt sit eius vel quo qui qui ex et\nrerum possimus laudantium fugit minima aut perferendis\nmaiores dolore tempore non",
        "limits": [
            {
                "maximumRequests": 1000000,
                "timePeriodInMilliseconds": 1000,
                "visible": true
            }
        ],
        "status": "DEPRECATED",
        "autoApprove": true
    },
    "requestedTierId": null,
    "requestedTier": null,
    "terms": null,
    "partyId": null,
    "partyName": null,
    "apiId": 25,
    "api": {
        "audit": {
            "created": {},
            "updated": {}
        },
        "id": 25
    }
}
