[
    {
        "audit": {
            "created": {
                "date": "2017-08-07T20:21:58.660Z"
            },
            "updated": {}
        },
        "masterOrganizationId": "f0c9b011-980e-4928-9430-e60e3a97c043",
        "organizationId": "f0c9b011-980e-4928-9430-e60e3a97c043",
        "id": 3,
        "policyTemplateId": "throttling",
        "configurationData": {
            "delayTimeInMillis": 10000,
            "delayAttempts": 5,
            "rateLimits": [
                {
                    "timePeriodInMilliseconds": 120000,
                    "maximumRequests": 1
                }
            ],
            "policyId": 3,
            "endpointUri": "http:\\/\\/example\\.com\\/24",
            "isRamlEndpoint": false,
            "isWsdlEndpoint": false,
            "isHttpEndpoint": true,
            "apiId": 25,
            "autodiscoveryInstanceName": "v1:google-api",
            "order": null
        },
        "order": null,
        "disabled": false,
        "pointcutData": null,
        "template": "<?xml version=\"1.0\" encoding=\"UTF-8\"?>\n<policy xmlns=\"http://www.mulesoft.org/schema/mule/policy\" xmlns:xsi=\"http://www.w3.org/2001/XMLSchema-instance\" xmlns:spring=\"http://www.springframework.org/schema/beans\" xmlns:throttling-gw=\"http://www.mulesoft.org/schema/mule/throttling-gw\" xsi:schemaLocation=\"http://www.mulesoft.org/schema/mule/policy http://www.mulesoft.org/schema/mule/policy/current/mule-policy.xsd http://www.springframework.org/schema/beans http://www.springframework.org/schema/beans/spring-beans-3.1.xsd http://www.mulesoft.org/schema/mule/throttling-gw http://www.mulesoft.org/schema/mule/throttling-gw/current/mule-throttling-gw.xsd\" online=\"true\">\n  <throttling-gw:policy xmlns:throttling-gw=\"http://www.mulesoft.org/schema/mule/throttling-gw\" enableStatistics=\"true\" notifyEveryExceededRequest=\"true\" id=\"3\">\n    <throttling-gw:delay-response delayTimeInMillis=\"10000\" delayAttempts=\"5\"/>\n    <throttling-gw:rolling-time-frame-algorithm maximumRequestsPerPeriod=\"1\" timePeriodMillis=\"120000\"/>\n  </throttling-gw:policy>\n  <before>\n    <throttling-gw:throttle xmlns:throttling-gw=\"http://www.mulesoft.org/schema/mule/throttling-gw\" throttling-policy-ref=\"3\"/>\n  </before>\n  <pointcut>\n    <endpoint xmlns=\"http://www.mulesoft.org/schema/mule/policy\" regex=\"http:\\/\\/example\\.com\\/24\"/>\n  </pointcut>\n</policy>\n",
        "standalone": true,
        "apiId": 25
    }
]
