{
  "team_id": "f59632be-e43f-4c4f-a303-36b8b0623f29",
  "team_name": "IT",
  "org_id": "6cb9cf0c-de02-4403-ace9-1857c0d0425f",
  "org_name": "Mythical Bank",
  "team_type": "internal",
  "ancestor_team_ids": ["6cad8143-5f3c-4258-8091-2e664819e7f3"],
  "created_at": "2019-07-15T09:36:07.123Z",
  "updated_at": "2019-07-15T09:36:07.123Z",
  "is_assigned_via_external_groups": false,
  "membership_count": 31,
  "membership_type": "member",
  "ancestors": [
    {
      "team_id": "6cad8143-5f3c-4258-8091-2e664819e7f3",
      "team_name": "Mythical Bank all",
      "org_id": "6cb9cf0c-de02-4403-ace9-1857c0d0425f",
      "org_name": "Mythical Bank",
      "team_type": "internal",
      "ancestor_team_ids": [],
      "created_at": "2019-07-10T08:36:07.123Z",
      "updated_at": "2019-07-11T16:46:27.123Z"
    }
  ],
  "external_group_mappings": {
    "total": 2,
    "data": [
      {
        "membership_type": "maintainer",
        "external_group_name": "maintainer_group"
      },
      {
        "membership_type": "member",
        "external_group_name": "member_group"
      }
    ]
  }
}
