{
    "$schema": "http://json-schema.org/draft-03/schema",
    "type": "object",
    "required": true,
    "properties": {
        "id": {
            "type": "integer",
            "required": false
        },
        "endpoint": {
            "type": "object",
            "required": false,
            "properties": {
                "uri": {
                    "type": "string",
                    "required": true,
                    "maxLength": 256,
                    "minLength": 1
                }
            },
            "additionalProperties": false
        },
        "endpointUri": {
            "type": [
                "string",
                "null"
            ],
            "required": false
        },
        "providerId": {
            "type": [
                "string",
                "null"
            ],
            "required": false,
            "maxLength": 255,
            "minLength": 1
        },
        "name": {
            "type": "string",
            "required": false,
            "maxLength": 256,
            "minLength": 1
        },
        "organizationId": {
            "type": "string",
            "required": false,
            "pattern": "^[a-fA-F0-9]{8}-[a-fA-F0-9]{4}-[a-fA-F0-9]{4}-[a-fA-F0-9]{4}-[a-fA-F0-9]{12}$",
            "examples": [
                "ba3dd49c-9bd3-43a3-bb54-226715e9c57a"
            ]
        },
        "masterOrganizationId": {
            "type": "string",
            "required": false,
            "pattern": "^[a-fA-F0-9]{8}-[a-fA-F0-9]{4}-[a-fA-F0-9]{4}-[a-fA-F0-9]{4}-[a-fA-F0-9]{12}$",
            "examples": [
                "ba3dd49c-9bd3-43a3-bb54-226715e9c57a"
            ]
        },
        "environmentId": {
            "type": "string",
            "required": false,
            "minLength": 1,
            "maxLength": 36,
            "examples": [
                "5d15a77c-0d35-400e-9a90-61d0beb09409"
            ]
        },
        "audit": {
            "type": "object",
            "required": false,
            "properties": {
                "created": {
                    "type": "object",
                    "required": false,
                    "properties": {
                        "date": {
                            "type": "string",
                            "required": false
                        }
                    }
                },
                "updated": {
                    "type": "object",
                    "required": false,
                    "properties": {
                        "date": {
                            "type": "string",
                            "required": false
                        }
                    }
                }
            }
        }
    },
    "additionalProperties": false
}
