{
    "type": "object",
    "$schema": "http://json-schema.org/draft-03/schema",
    "required": true,
    "properties": {
      "groupId": {
        "type": "string",
        "maxLength": 256,
        "minLength": 1
      },
      "assetId": {
        "type": "string",
        "maxLength": 256,
        "minLength": 1
      },
      "assetVersion":{
        "type": "string",
        "maxLength": 256,
        "minLength": 1
      },
      "configurationData": {
        "type": ["object", "array"]
      },
      "order": {
        "type": "integer",
        "minimum": 1
      }
    }
}
