{
  "1.0.0": [
    {
      "id": "57845c73-9a53-4171-813b-e1f39cce8e6d",
      "createdById": "e014c180-1bbb-40c9-a635-e7ca4bef9313",
      "masterOrganizationId": "fe079919-e48d-43d0-b0ae-aa31b80d2cd5",
      "organizationId": "fe079919-e48d-43d0-b0ae-aa31b80d2cd5",
      "groupId": "fe079919-e48d-43d0-b0ae-aa31b80d2cd5",
      "assetId": "social-media",
      "version": "1.0.0",
      "createdDate": "2019-06-03T20:11:32.217Z",
      "updatedDate": "2020-02-06T21:21:53.401Z",
      "name": "Social Media",
      "type": "api-group",
      "description": "",
      "isCompleted": true,
      "isLatestVersion": false,
      "isPublic": false,
      "status": "published",
      "isLatestPublicVersion": false,
      "versionGroup": "v1",
      "isSnapshot": false,
      "isLatestReleaseVersion": false,
      "ranking": null,
      "dependencyType": "DEPENDS_ON",
      "permissions": []
    },
    {
      "id": "3f00cf1b-63bf-4061-b14c-ceab51a4f72a",
      "createdById": "e014c180-1bbb-40c9-a635-e7ca4bef9313",
      "masterOrganizationId": "fe079919-e48d-43d0-b0ae-aa31b80d2cd5",
      "organizationId": "d812b8c6-f428-4059-853e-26f1b473910d",
      "groupId": "d812b8c6-f428-4059-853e-26f1b473910d",
      "assetId": "explarotory-2",
      "version": "1.0.0",
      "createdDate": "2019-06-14T20:22:21.858Z",
      "updatedDate": "2020-02-06T21:21:53.401Z",
      "name": "Explarotory 2",
      "type": "api-group",
      "description": "",
      "isCompleted": true,
      "isLatestVersion": true,
      "isPublic": false,
      "status": "published",
      "isLatestPublicVersion": false,
      "versionGroup": "v",
      "isSnapshot": false,
      "isLatestReleaseVersion": true,
      "ranking": null,
      "dependencyType": "DEPENDS_ON",
      "permissions": ["view"]
    }
  ]
}
