[
  {
    "groupId": "f68e6165-99ce-4499-97e2-2d1d45498c73",
    "assetId": "inimputability",
    "assetVersion": "1.0.0",
    "versionGroup": "v1",
    "id": 7183,
    "underlyingTerms": [
      {
        "groupId": "be1e07e2-a230-424b-93c4-a95829767d5d",
        "assetId": "american-flights",
        "minorVersion": "2.0",
        "version": "2.0.2",
        "name": "American Flights",
        "termsText": "<h2>Dwelling and speedily ignorant any steepest</h2>\n<p>His followed carriage proposal entrance directly had elegance.</p>"
      },
      {
        "groupId": "be1e07e2-a230-424b-93c4-a95829767d5d",
        "assetId": "delta-flights",
        "minorVersion": "1.0",
        "version": "1.0.0",
        "name": "Delta Flights",
        "termsText": "<h2>Dwelling and speedily ignorant any steepest</h2>\n<p>His followed carriage proposal entrance directly had elegance.</p>"
      }
    ]
  },
  {
    "groupId": "f68e6165-99ce-4499-97e2-2d1d45498c73",
    "assetId": "inimputability",
    "assetVersion": "1.0.0",
    "versionGroup": "v1",
    "id": 7184,
    "underlyingTerms": [
      {
        "groupId": "be1e07e2-a230-424b-93c4-a95829767d5d",
        "assetId": "delta-flights",
        "minorVersion": "1.1",
        "version": "1.1.1",
        "name": "Delta Flights",
        "termsText": "<h2>Dwelling and speedily ignorant any steepest</h2>\n<p>His followed carriage proposal entrance directly had elegance.</p>"
      }
    ]
  }
]
