[
  {
    "organizationId": "b8defa71-ac38-4323-a30b-9ecc66476643",
    "groupId": "b8defa71-ac38-4323-a30b-9ecc66476643",
    "assetId": "neurotransmitter",
    "version": "1.0.0",
    "versionGroup": "v1",
    "name": "Neurotransmitter",
    "type": "api-group",
    "status": "published",
    "isCompleted": true,
    "isPublic": false,
    "dependencies": [
      {
        "organizationId": "b8defa71-ac38-4323-a30b-9ecc66476643",
        "groupId": "b8defa71-ac38-4323-a30b-9ecc66476643",
        "assetId": "meningitis",
        "version": "0.0.1",
        "versionGroup": "v0",
        "name": "Meningitis",
        "type": "rest-api",
        "status": "published",
        "isCompleted": true,
        "isPublic": false
      },
      {
        "organizationId": "b8defa71-ac38-4323-a30b-9ecc66476643",
        "groupId": "b8defa71-ac38-4323-a30b-9ecc66476643",
        "assetId": "voltages",
        "version": "2.0.1",
        "versionGroup": "v2",
        "name": "Voltages",
        "type": "rest-api",
        "status": "published",
        "isCompleted": true,
        "isPublic": true
      }
    ],
    "tags": []
  },
  {
    "organizationId": "b8defa71-ac38-4323-a30b-9ecc66476643",
    "groupId": "b8defa71-ac38-4323-a30b-9ecc66476643",
    "assetId": "neurotransmitter",
    "version": "2.0.0",
    "versionGroup": "v2",
    "name": "Neurotransmitter",
    "type": "api-group",
    "status": "published",
    "isCompleted": true,
    "isPublic": false,
    "dependencies": [
      {
        "organizationId": "b8defa71-ac38-4323-a30b-9ecc66476643",
        "groupId": "b8defa71-ac38-4323-a30b-9ecc66476643",
        "assetId": "meningitis",
        "version": "0.0.1",
        "versionGroup": "v0",
        "name": "Meningitis",
        "type": "rest-api",
        "status": "published",
        "isCompleted": true,
        "isPublic": false
      }
    ],
    "tags": []
  }
]
