{
  "assign": [
    {
      "identity_ids": [
        "f59632be-e43f-4c4f-a303-36b8b0623f29"
      ],
      "role_id": "53823f29-6e57-4c42-acdb-e42a881a888f",
      "context_params": {
        "org": "7f30ff47-5917-4a5a-b94d-9fe029edc04d",
        "envId": "4c4efd56-9232-4f41-bb5c-4990539d519f"
      }
    },
    {
      "identity_ids": [
        "f59632be-e43f-4c4f-a303-36b8b0623f29",
        "d5d309ee-8c23-49e3-bec1-70ee99c42061"
      ],
      "role_id": "8b7caaba-e94a-11e4-b02c-1681e6b88ec1",
      "context_params": {
        "org": "7f30ff47-5917-4a5a-b94d-9fe029edc04d",
        "envId": "4c4efd56-9232-4f41-bb5c-4990539d519f"
      }
    }
  ],
  "unassign": [
    {
      "identity_ids": [
        "f59632be-e43f-4c4f-a303-36b8b0623f29"
      ],
      "role_id": "8b7caaba-e94a-11e4-b02c-1681e6b88ec1",
      "context_params": {
        "org": "7f30ff47-5917-4a5a-b94d-9fe029edc04d",
        "envId": "5d8bbc1f-a123-4034-bef2-01333db12eec"
      }
    }
  ]
}
