{
  "data": [
    {
      "id": "55a17d8e-093f-4865-884c-f00f3c60711b",
      "name": "ACME",
      "type": "external_organization",
      "details": {
        "id": "55a17d8e-093f-4865-884c-f00f3c60711b",
        "name": "ACME",
        "domain": "acme-inc"
      },
      "assignments": [
        {
          "role_id": "53823f29-6e57-4c42-acdb-e42a881a888f",
          "name": "Manage Servers",
          "context_params": {
            "org": "7f30ff47-5917-4a5a-b94d-9fe029edc04d",
            "envId": "4c4efd56-9232-4f41-bb5c-4990539d519f"
          },
          "created_at": "2020-01-02T15:36:07.123Z"
        }
      ]
    },
    {
      "id": "f59632be-e43f-4c4f-a303-36b8b0623f29",
      "name": "IT",
      "type": "team",
      "details": {
        "team_id": "f59632be-e43f-4c4f-a303-36b8b0623f29",
        "team_name": "IT",
        "org_id": "6cb9cf0c-de02-4403-ace9-1857c0d0425f",
        "org_name": "Mythical Bank",
        "team_type": "internal",
        "ancestor_team_ids": ["6cad8143-5f3c-4258-8091-2e664819e7f3"],
        "created_at": "2019-07-15T09:36:07.123Z",
        "updated_at": "2019-07-15T09:36:07.123Z"
      },
      "assignments": [
        {
          "role_id": "53823f29-6e57-4c42-acdb-e42a881a888f",
          "name": "Manage Servers",
          "context_params": {
            "org": "7f30ff47-5917-4a5a-b94d-9fe029edc04d",
            "envId": "4c4efd56-9232-4f41-bb5c-4990539d519f"
          },
          "created_at": "2019-07-15T09:36:07.123Z"
        }
      ]
    },
    {
      "id": "d5d309ee-8c23-49e3-bec1-70ee99c42061",
      "name": "Immanuel1234",
      "type": "user",
      "details": {
        "id": "d5d309ee-8c23-49e3-bec1-70ee99c42061",
        "username": "example1234",
        "firstName": "Example",
        "lastName": "Test",
        "email": "example1234@example.com",
        "enabled": true,
        "idprovider_id": "mulesoft",
        "type": "host",
        "createdAt": "Mon Feb 09 2015 17:47:26 GMT-0300 (ART)",
        "updatedAt": "Mon Feb 09 2015 17:47:26 GMT-0300 (ART)",
        "lastLogin": "Mon Feb 09 2015 17:47:26 GMT-0300 (ART)",
        "organizationId": "7f30ff47-5917-4a5a-b94d-9fe029edc04d"
      },
      "assignments": [
        {
          "role_id": "53823f29-6e57-4c42-acdb-e42a881a888f",
          "name": "Manage Servers",
          "context_params": {
            "org": "7f30ff47-5917-4a5a-b94d-9fe029edc04d",
            "envId": "d5d309ee-8c23-49e3-bec1-70ee99c42061"
          },
          "created_at": "2019-07-15T09:36:07.123Z"
        },
        {
          "role_id": "53823f29-6e57-4c42-acdb-e42a881a888f",
          "name": "Manage Servers",
          "context_params": {
            "org": "7f30ff47-5917-4a5a-b94d-9fe029edc04d",
            "envId": "4c4efd56-9232-4f41-bb5c-4990539d519f"
          },
          "created_at": "2019-07-15T09:36:07.123Z"
        }
      ]
    }
  ],
  "total": 3
}
