{
  "data": [
    {
      "client_id": "d5e32198-7cc1-4c26-ab83-fd8912e16967",
      "client_name": "RAML Sync Tool",
      "client_uri": "https://ramlsynctool.com/about.html",
      "tos_uri": "https://ramlsynctool.com/tos.html",
      "policy_uri": "https://ramlsynctool.com/privacy.html",
      "user_authorized_scopes": [
        "profile",
        "read:raml"
      ],
      "attached_scopes": [
        "profile",
        "offline_access",
        "read:raml",
        "read:users"
      ],
      "whitelisted_scopes": [
        "profile",
        "read:raml",
        "read:users"
      ],
      "user_count": 5,
      "is_internal_app": false,
      "whitelist_applies_to_app": true,
      "whitelist_outdated": true
    }
  ],
  "total": 1
}
