{
  "data": [
    {
      "client_id": "0fa2aa2f0aeb4978b96796a0843f898c",
      "owner_org_id": "0eb65884-4f75-48f7-a8bc-4e30b46e721d",
      "client_name": "Client Credz",
      "client_uri": null,
      "policy_uri": null,
      "tos_uri": null
    },
    {
      "client_id": "e8c28f0249a6417bb892ff8d6013d628",
      "owner_org_id": "0eb65884-4f75-48f7-a8bc-4e30b46e721d",
      "client_name": "OpenID Integration",
      "client_uri": null,
      "policy_uri": null,
      "tos_uri": null
    }
  ],
  "total": 2
}
