{
  "organizations": [
    {
      "id": "2cd73eff-e862-4b4e-b596-84cf8eb6f11d",
      "name": "The Master Org",
      "environments": [
        {
          "id": "9d8b7b39-7744-4ab7-9fb6-a75a343c5ee4",
          "name": "Prod"
        },
        {
          "id": "2d6660fe-d5fc-4da6-90bd-68fc17b478f7",
          "name": "Design"
        }
      ]
    },
    {
      "id": "0e6700dc-41a1-4234-889e-908d9d6df3e2",
      "name": "A Sub-Org",
      "environments": [
        {
          "id": "f16f1c35-c517-4442-8f73-36d0879e5832",
          "name": "Sandbox"
        },
        {
          "id": "f84ab301-17d4-4ed0-9beb-0c977e98045c",
          "name": "Sub-Org Sandbox"
        }
      ]
    }
  ],
  "scopes": [
    {
      "scope": "api:admin",
      "displayName": "API Admin",
      "description": "Admin access to your applications in the API Portal",
      "requiredContext": "orgWithEnv"
    },
    {
      "scope": "org:read",
      "displayName": "Read Organization Data",
      "description": "Read-only access to your organization data",
      "requiredContext": "orgOnly"
    },
    {
      "scope": "profile",
      "displayName": "Read Anypoint Profile",
      "description": "Read-only access to your Anypoint Profile",
      "requiredContext": "none"
    }
  ]
}
