{
    "total": 1,
    "contracts": [
        {
            "audit": {
                "created": {
                    "date": "2020-10-28T19:44:29.541Z"
                },
                "updated": {}
            },
            "masterOrganizationId": "f0c9b011-980e-4928-9430-e60e3a97c043",
            "organizationId": "4b1240fd-e1df-44a8-9949-6778c3d3dd91",
            "id": 130,
            "status": "APPROVED",
            "approvedDate": "2020-10-28T19:44:29.576Z",
            "rejectedDate": null,
            "revokedDate": null,
            "applicationId": 8,
            "application": {
                "audit": {
                    "created": {
                        "date": "2020-10-27T18:14:12.397Z"
                    },
                    "updated": {}
                },
                "id": 8,
                "name": "Client APP 1603822451",
                "description": "This is the description",
                "clientProvider": {},
                "coreServicesId": "eea7e89a970f46818827c425918e6979",
                "url": "http://www.salesforce-app.com"
            },
            "tierId": 307,
            "tier": {
                "audit": {
                    "created": {
                        "date": "2020-10-26T15:36:20.600Z"
                    },
                    "updated": {
                        "date": "2020-10-27T15:38:02.573Z"
                    }
                },
                "id": 307,
                "name": "tier-1603813082",
                "description": "tier description",
                "limits": [
                    {
                        "visible": true,
                        "maximumRequests": 40,
                        "timePeriodInMilliseconds": 1
                    }
                ],
                "status": "ACTIVE",
                "autoApprove": true
            },
            "requestedTierId": null,
            "requestedTier": null,
            "terms": null,
            "groupInstanceId": null,
            "groupInstance": null,
            "partyId": "",
            "partyName": "",
            "condition": "APPLIED",
            "managedServiceApi": {
                "audit": {
                    "created": {},
                    "updated": {}
                },
                "organizationId": "4b1240fd-e1df-44a8-9949-6778c3d3dd91",
                "id": 193
            },
            "managedServiceApiId": 193
        }
    ]
}
