{
  "type": "object",
  "$schema": "http://json-schema.org/draft-03/schema",
  "required": true,
  "properties": {
    "name": {
      "type": "string",
      "maxLength": 45,
      "minLength": 1,
      "required": true
    },
    "versions": {
      "type": "array",
      "required": true,
      "items": {
        "type": "object",
        "additionalProperties": false,
        "properties": {
          "name": {
            "type": "string",
            "maxLength": 45,
            "minLength": 1,
            "required": true
          },
          "instances": {
            "type": "array",
            "required": true,
            "items": {
              "type": "object",
              "additionalProperties": false,
              "properties": {
                "apiInstances": {
                  "type": "array",
                  "required": true
                },
                "groupInstanceLabel": {
                  "type": ["string", "null"],
                  "required": false
                },
                "environmentId": {
                  "type": "string",
                  "required": true
                },
                "deprecated": {
                  "type": "boolean",
                  "required": false
                }
              }
            }
          }
        }
      }
    }
  },
  "additionalProperties": false
}
