{
  "type": "object",
  "$schema": "http://json-schema.org/draft-03/schema",
  "required": true,
  "properties": {
    "groupId": {
      "type": "integer",
      "required": false
    },
    "groupVersionId": {
      "type": "integer",
      "required": false
    },
    "status": {
      "type": "string",
      "required": false
    },
    "groupInstanceLabel": {
      "type": ["string", "null"],
      "required": false
    },
    "apiInstances": {
      "type": "array",
      "required": true
    },
    "deprecated": {
      "type": "boolean",
      "required": false
    },
    "promote": {
      "type": "object",
      "required": false,
      "properties": {
        "originGroupInstanceId": {
          "type": "integer",
          "required": true
        },
        "tiers": {
          "type": "object",
          "required": false,
          "properties": {
            "allEntities": {
              "type": "boolean",
              "required": true
            }
          },
          "additionalProperties": false
        }
      },
      "additionalProperties": false
    }
  },
  "additionalProperties": false
}
