[
  {
    "createdAt": "2019-01-09T23:19:20.000Z",
    "end": "2019-01-18T06:00:00.000Z",
    "start": "2019-01-18T05:00:00.000Z",
    "state": "completed",
    "updatedAt": "2019-01-18T07:00:01.000Z"
  },
  {
    "createdAt": "2019-01-23T01:18:50.000Z",
    "end": "2019-01-31T14:00:00.000Z",
    "start": "2019-01-31T13:00:00.000Z",
    "state": "confirmed",
    "updatedAt": "2019-01-23T01:18:50.000Z"
  },
  {
    "createdAt": "2019-01-23T01:19:02.000Z",
    "end": "2019-01-31T15:00:00.000Z",
    "start": "2019-01-31T14:00:00.000Z",
    "state": "confirmed",
    "updatedAt": "2019-01-23T01:19:02.000Z"
  },
  {
    "createdAt": "2019-01-23T01:19:13.000Z",
    "end": "2019-01-31T16:00:00.000Z",
    "start": "2019-01-31T15:00:00.000Z",
    "state": "confirmed",
    "updatedAt": "2019-01-23T01:19:14.000Z"
  }
]
