{
  "id": 50,
  "groupId": 4,
  "name": "v2",
  "masterOrganizationId": "ba3dd49c-9bd3-43a3-bb54-226715e9c57a",
  "organizationId": "ba3dd49c-9bd3-43a3-bb54-226715e9c57a",
  "createdDate": "2020-04-17T17:43:42.293Z",
  "instances": [
      {
      "audit": {
          "created": {
              "date": "2019-03-21T18:40:23.955Z"
          },
          "updated": {}
      },
      "id": 1072,
      "groupId": 4,
      "groupVersionId": 49,
      "masterOrganizationId": "ba3dd49c-9bd3-43a3-bb54-226715e9c57a",
      "organizationId": "ba3dd49c-9bd3-43a3-bb54-226715e9c57a",
      "environmentId": "22126179-3dae-43f5-ac23-cbc9ecc29c53",
      "apiInstances": [1, 67]
    }
  ],
  "audit": {
    "created": {
        "date": "2019-03-21T20:40:23.955Z"
    },
    "updated": {}
  }
}
