{
  "title": "Search queries",
  "type": "array",
  "items": {
    "type": "object",
    "properties": {
      "name": {
        "type": "string",
        "title": "Name"
      },
      "types": {
        "type": "array",
        "title": "Types",
        "items": {
          "type": "string"
        }
      },
      "search": {
        "type": "string",
        "title": "Search"
      },
      "includeSnapshots": {
        "type": "boolean",
        "title": "Include snapshots"
      },
      "includeDeprecated": {
        "type": "boolean",
        "title": "Include deprecated"
      },
      "updatedAt": {
        "type": "string",
        "title": "Updated at"
      },
      "categories": {
        "type": "array",
        "title": "Categories",
        "items": {
          "type": "string"
        }
      },
      "tags": {
        "type": "array",
        "title": "Tags",
        "items": {
          "type": "string"
        }
      },
      "sort": {
        "type": "string",
        "title": "Sorting"
      },
      "organizationIds": {
        "type": "array",
        "title": "Organizations",
        "items": {
          "type": "string"
        }
      }
    }
  }
}
