{
  "$schema": "http://json-schema.org/draft-04/schema",
  "id": "urn:mulesoft:schemas:authentication-server:connected-applications:connected-application-scope-delta",
  "type": "object",
  "properties": {
    "scopes": {
      "type": "array",
      "minItems": 1,
      "items": {
        "type": "object",
        "properties": {
          "scope": {
            "type": "string",
            "minLength": 1,
            "maxLength": 255
          },
          "context_params": {
            "type": "object",
            "maxProperties": 2
          }
        },
        "required": [
          "scope",
          "context_params"
        ],
        "additionalProperties": false
      }
    }
  },
  "additionalProperties": false,
  "required": [
    "scopes"
  ]
}
