{
  "$schema": "http://json-schema.org/draft-04/schema",
  "id": "urn:mulesoft:schemas:authentication-server:connected-applications:scope-assignments-x-api",
  "type": "object",
  "properties": {
    "organizations": {
      "type": "array",
      "minItems": 1,
      "uniqueItems": true,
      "items": {
        "$ref": "#/definitions/organization"
      }
    },
    "scopes": {
      "type": "array",
      "items": {
        "type": "object",
        "properties": {
          "scope": {
            "type": "string",
            "minLength": 2,
            "maxLength": 256
          },
          "displayName": {
            "type": "string",
            "minLength": 2,
            "maxLength": 256
          },
          "description": {
            "type": "string",
            "minLength": 2,
            "maxLength": 256
          },
          "requiredContext": {
            "type": "string",
            "enum": ["orgOnly", "orgWithEnv", "none"]
          }
        },
        "required": [
          "scope",
          "displayName",
          "description",
          "requiredContext"
        ],
        "additionalProperties": false
      }
    }
  },
  "required": ["organizations", "scopes"],
  "additionalProperties": false,
  "definitions": {
    "organization": {
      "type": "object",
      "properties": {
        "id": {
          "type": "string"
        },
        "name": {
          "type": "string"
        },
        "environments": {
          "type": "array",
          "items": {
            "$ref": "#/definitions/environment"
          }
        }
      },
      "required": [
        "id",
        "name",
        "environments"
      ],
      "additionalProperties": false
    },
    "environment": {
      "type": "object",
      "properties": {
        "id": {
          "type": "string"
        },
        "name": {
          "type": "string"
        }
      },
      "required": [
        "id",
        "name"
      ],
      "additionalProperties": false
    }
  }
}
