{
  "organizations": [
    {
      "name": "MuleSoft Inc",
      "id": "f14c7707-bf2f-4402-addf-d475efba557c",
      "createdAt": "2015-03-13T18:03:23.869Z",
      "updatedAt": "2015-03-13T18:03:24.207Z",
      "ownerId": "57e281b5-ec5b-4701-80a0-92a936a68da3",
      "clientId": "23dd2e8a-01c0-44e2-84a0-3c0b39d0d541",
      "domain": "mulesoft-inc",
      "idprovider_id": "mulesoft",
      "isFederated": false,
      "parentOrganizationIds": [],
      "subOrganizationIds": [
        "61dd3d93-2859-416c-8547-55047c9ced72"
      ],
      "entitlements": {
        "hybrid": {
          "enabled": true
        },
        "hybridInsight": false,
        "hybridAutoDiscoverProperties": true,
        "createEnvironments": true,
        "globalDeployment": true,
        "createSubOrgs": true,
        "vCoresProduction": {
          "assigned": 1,
          "reassigned": 0
        },
        "vCoresSandbox": {
          "assigned": 1,
          "reassigned": 0
        },
        "vCoresDesign": {
          "assigned": 1,
          "reassigned": 0
        },
        "staticIps": {
          "assigned": 0,
          "reassigned": 0
        },
        "vpcs": {
          "assigned": 0,
          "reassigned": 0
        },
        "vpns": {
          "assigned": 0,
          "reassigned": 0
        },
        "networkConnections": {
          "assigned": 0,
          "reassigned": 0
        },
        "workerLoggingOverride": {
          "enabled": false
        },
        "messaging": {
          "assigned": 0
        },
        "mqMessages": {
          "base": 0,
          "addOn": 0
        },
        "mqRequests": {
          "base": 0,
          "addOn": 0
        },
        "mqAdvancedFeatures": {
          "enabled": false
        },
        "objectStoreRequestUnits": {
          "base": 0,
          "addOn": 0
        },
        "objectStoreKeys": {
          "base": 0,
          "addOn": 0
        },
        "gateways": {
          "assigned": 0
        },
        "designCenter": {
          "mozart": true,
          "api": true,
          "apiVisual": false,
          "apiExample": false
        },
        "partnersProduction": {
          "assigned": 0
        },
        "partnersSandbox": {
          "assigned": 0
        },
        "tradingPartnersProduction": {
          "assigned": 0
        },
        "tradingPartnersSandbox": {
          "assigned": 0
        },
        "loadBalancer": {
          "assigned": 1,
          "reassigned": 0
        },
        "externalIdentity": true,
        "autoscaling": false,
        "armAlerts": false,
        "apis": {
          "enabled": true
        },
        "apiMonitoring": {
          "schedules": 0
        },
        "apiCommunityManager": {
          "enabled": false
        },
        "apiCatalog": {
          "enabled": false
        },
        "monitoringCenter": {
          "productSKU": 0,
          "rawStorageOverrideGB": 0,
          "dataRegion": "us-east-1",
          "productionUnits": 0,
          "preProductionUnits": 0,
          "storageBase": 0,
          "storageAddOn": 0
        },
        "apiQuery": {
          "enabled": false,
          "productSKU": 1
        },
        "apiQueryC360": {
          "enabled": false
        },
        "angGovernance": {
          "level": -1
        },
        "apiGovernance": {
          "enabled": true,
          "apisPerMonth": 0
        },
        "crowd": {
          "hideApiManagerDesigner": false,
          "hideFormerApiPlatform": false,
          "environments": false
        },
        "cam": {
          "enabled": false
        },
        "exchange2": {
          "enabled": false
        },
        "crowdSelfServiceMigration": {
          "enabled": false
        },
        "kpiDashboard": {
          "enabled": false
        },
        "pcf": false,
        "appViz": false,
        "workerClouds": {
          "assigned": 0,
          "reassigned": 0
        },
        "runtimeFabric": false,
        "runtimeFabricCloud": {
          "enabled": false
        },
        "serviceMesh": {
          "enabled": false
        },
        "flexGateway": {
          "enabled": false
        },
        "composer": {
          "enabled": false,
          "tasksPerMonth": 100,
          "maxConnectors": 3,
          "unlimitedConnectors": false
        },
        "muleDxWebIde": {
          "enabled": false
        }
      },
      "tenantOrganizationIds": [],
      "isMaster": true,
      "sessionTimeout": 60,
      "properties": {},
      "subscription": {
        "category": "Developer",
        "type": "Free",
        "expiration": "2014-07-27T20:56:02.125Z"
      }
    },
    {
      "name": "MuleSoft Inc Sub Org",
      "id": "61dd3d93-2859-416c-8547-55047c9ced72",
      "createdAt": "2015-03-13T18:03:23.869Z",
      "updatedAt": "2015-03-13T18:03:24.207Z",
      "ownerId": "57e281b5-ec5b-4701-80a0-92a936a68da3",
      "clientId": "b63237d9c5d444ea95147065e0711161",
      "domain": "mulesoft-inc",
      "idprovider_id": "mulesoft",
      "isFederated": false,
      "parentOrganizationIds": [
        "f14c7707-bf2f-4402-addf-d475efba557c"
      ],
      "subOrganizationIds": [],
      "entitlements": {
        "hybrid": {
          "enabled": true
        },
        "hybridInsight": false,
        "hybridAutoDiscoverProperties": true,
        "createEnvironments": true,
        "globalDeployment": true,
        "createSubOrgs": true,
        "vCoresProduction": {
          "assigned": 1,
          "reassigned": 0
        },
        "vCoresSandbox": {
          "assigned": 1,
          "reassigned": 0
        },
        "vCoresDesign": {
          "assigned": 1,
          "reassigned": 0
        },
        "staticIps": {
          "assigned": 0,
          "reassigned": 0
        },
        "vpcs": {
          "assigned": 0,
          "reassigned": 0
        },
        "vpns": {
          "assigned": 0,
          "reassigned": 0
        },
        "workerLoggingOverride": {
          "enabled": false
        },
        "messaging": {
          "assigned": 0
        },
        "mqMessages": {
          "base": 0,
          "addOn": 0
        },
        "mqRequests": {
          "base": 0,
          "addOn": 0
        },
        "mqAdvancedFeatures": {
          "enabled": false
        },
        "objectStoreRequestUnits": {
          "base": 0,
          "addOn": 0
        },
        "objectStoreKeys": {
          "base": 0,
          "addOn": 0
        },
        "gateways": {
          "assigned": 0
        },
        "designCenter": {
          "mozart": true,
          "api": true,
          "apiVisual": false,
          "apiExample": false
        },
        "partnersProduction": {
          "assigned": 0
        },
        "partnersSandbox": {
          "assigned": 0
        },
        "tradingPartnersProduction": {
          "assigned": 0
        },
        "tradingPartnersSandbox": {
          "assigned": 0
        },
        "loadBalancer": {
          "assigned": 1,
          "reassigned": 0
        },
        "externalIdentity": true,
        "autoscaling": false,
        "armAlerts": false,
        "apis": {
          "enabled": true
        },
        "apiCatalog": {
          "enabled": false
        },
        "apiMonitoring": {
          "schedules": 0
        },
        "apiCommunityManager": {
          "enabled": false
        },
        "monitoringCenter": {
          "productSKU": 0,
          "rawStorageOverrideGB": 0,
          "dataRegion": "us-east-1",
          "productionUnits": 0,
          "preProductionUnits": 0,
          "storageBase": 0,
          "storageAddOn": 0
        },
        "apiQuery": {
          "enabled": false,
          "productSKU": 1
        },
        "apiQueryC360": {
          "enabled": false
        },
        "angGovernance": {
          "level": -1
        },
        "apiGovernance": {
          "enabled": true,
          "apisPerMonth": 0
        },
        "crowd": {
          "hideApiManagerDesigner": false,
          "hideFormerApiPlatform": false,
          "environments": false
        },
        "cam": {
          "enabled": false
        },
        "exchange2": {
          "enabled": false
        },
        "crowdSelfServiceMigration": {
          "enabled": false
        },
        "kpiDashboard": {
          "enabled": false
        },
        "pcf": false,
        "appViz": false,
        "workerClouds": {
          "assigned": 0,
          "reassigned": 0
        },
        "runtimeFabric": false,
        "runtimeFabricCloud": {
          "enabled": false
        },
        "serviceMesh": {
          "enabled": false
        },
        "flexGateway": {
          "enabled": false
        },
        "composer": {
          "enabled": false,
          "tasksPerMonth": 100,
          "maxConnectors": 3,
          "unlimitedConnectors": false
        },
        "muleDxWebIde": {
          "enabled": false
        }
      },
      "tenantOrganizationIds": [],
      "isMaster": false
    }
  ],
  "permissions": {
    "profile": {
      "view": [
        "61dd3d93-2859-416c-8547-55047c9ced72",
        "f14c7707-bf2f-4402-addf-d475efba557c"
      ],
      "edit": [
        "61dd3d93-2859-416c-8547-55047c9ced72"
      ]
    },
    "resetPassword": {
      "view": [
        "61dd3d93-2859-416c-8547-55047c9ced72",
        "f14c7707-bf2f-4402-addf-d475efba557c"
      ]
    },
    "defaultRegion": {
      "view": [
        "61dd3d93-2859-416c-8547-55047c9ced72",
        "f14c7707-bf2f-4402-addf-d475efba557c"
      ]
    },
    "organization": {
      "view": ["61dd3d93-2859-416c-8547-55047c9ced72", "f14c7707-bf2f-4402-addf-d475efba557c"] ,
      "edit": ["61dd3d93-2859-416c-8547-55047c9ced72"] ,
      "delete": []
    },
    "subOrganizations": {
      "create": ["61dd3d93-2859-416c-8547-55047c9ced72", "f14c7707-bf2f-4402-addf-d475efba557c"] ,
      "delete": ["61dd3d93-2859-416c-8547-55047c9ced72"]
    },
    "invites": {
      "view": ["61dd3d93-2859-416c-8547-55047c9ced72", "f14c7707-bf2f-4402-addf-d475efba557c"] ,
      "create": ["61dd3d93-2859-416c-8547-55047c9ced72", "f14c7707-bf2f-4402-addf-d475efba557c"]
    },
    "users": {
      "view": ["61dd3d93-2859-416c-8547-55047c9ced72", "f14c7707-bf2f-4402-addf-d475efba557c"] ,
      "create": ["61dd3d93-2859-416c-8547-55047c9ced72", "f14c7707-bf2f-4402-addf-d475efba557c"] ,
      "edit": ["61dd3d93-2859-416c-8547-55047c9ced72", "f14c7707-bf2f-4402-addf-d475efba557c"]
    },
    "roles": {
      "view": ["61dd3d93-2859-416c-8547-55047c9ced72", "f14c7707-bf2f-4402-addf-d475efba557c"] ,
      "create": ["61dd3d93-2859-416c-8547-55047c9ced72", "f14c7707-bf2f-4402-addf-d475efba557c"] ,
      "edit": ["61dd3d93-2859-416c-8547-55047c9ced72", "f14c7707-bf2f-4402-addf-d475efba557c"]
    },
    "clientSecret": {
      "view": ["61dd3d93-2859-416c-8547-55047c9ced72", "f14c7707-bf2f-4402-addf-d475efba557c"]
    },
    "identityManagement": {
      "view": ["61dd3d93-2859-416c-8547-55047c9ced72", "f14c7707-bf2f-4402-addf-d475efba557c"]
    },
    "environments": {
      "view": ["61dd3d93-2859-416c-8547-55047c9ced72", "f14c7707-bf2f-4402-addf-d475efba557c"] ,
      "create": ["61dd3d93-2859-416c-8547-55047c9ced72", "f14c7707-bf2f-4402-addf-d475efba557c"] ,
      "edit": ["61dd3d93-2859-416c-8547-55047c9ced72", "f14c7707-bf2f-4402-addf-d475efba557c"] ,
      "delete": ["61dd3d93-2859-416c-8547-55047c9ced72", "f14c7707-bf2f-4402-addf-d475efba557c"]
    },
    "teams": {
      "view": ["61dd3d93-2859-416c-8547-55047c9ced72", "f14c7707-bf2f-4402-addf-d475efba557c"]
    },
    "auditLog": {
      "view": ["61dd3d93-2859-416c-8547-55047c9ced72", "f14c7707-bf2f-4402-addf-d475efba557c"]
    },
    "exchange": {
      "view": ["61dd3d93-2859-416c-8547-55047c9ced72", "f14c7707-bf2f-4402-addf-d475efba557c"]
    },
    "cloudhubSettings": {
      "view": ["61dd3d93-2859-416c-8547-55047c9ced72", "f14c7707-bf2f-4402-addf-d475efba557c"] ,
      "edit": ["61dd3d93-2859-416c-8547-55047c9ced72", "f14c7707-bf2f-4402-addf-d475efba557c"]
    },
    "cloudhubEnvironments": {
      "view": ["61dd3d93-2859-416c-8547-55047c9ced72", "f14c7707-bf2f-4402-addf-d475efba557c"]
    },
    "designEnvironments": {
      "enabled": ["61dd3d93-2859-416c-8547-55047c9ced72", "f14c7707-bf2f-4402-addf-d475efba557c"]
    },
    "proxy_user": {
      "enabled": ["61dd3d93-2859-416c-8547-55047c9ced72", "f14c7707-bf2f-4402-addf-d475efba557c"]
    },
    "entitlements": {
      "createEnvironments": {
        "enabled": ["61dd3d93-2859-416c-8547-55047c9ced72", "f14c7707-bf2f-4402-addf-d475efba557c"] ,
        "view": ["61dd3d93-2859-416c-8547-55047c9ced72", "f14c7707-bf2f-4402-addf-d475efba557c"] ,
        "edit": []
      },
      "createSubOrgs": {
        "enabled": ["61dd3d93-2859-416c-8547-55047c9ced72", "f14c7707-bf2f-4402-addf-d475efba557c"] ,
        "view": ["61dd3d93-2859-416c-8547-55047c9ced72", "f14c7707-bf2f-4402-addf-d475efba557c"] ,
        "edit": []
      },
      "hybrid": {
        "enabled": ["61dd3d93-2859-416c-8547-55047c9ced72", "f14c7707-bf2f-4402-addf-d475efba557c"] ,
        "view": ["61dd3d93-2859-416c-8547-55047c9ced72", "f14c7707-bf2f-4402-addf-d475efba557c"] ,
        "edit": []
      },
      "hybridInsight": {
        "enabled": ["61dd3d93-2859-416c-8547-55047c9ced72", "f14c7707-bf2f-4402-addf-d475efba557c"] ,
        "view": ["61dd3d93-2859-416c-8547-55047c9ced72", "f14c7707-bf2f-4402-addf-d475efba557c"] ,
        "edit": []
      },
      "hybridAutoDiscoverProperties": {
        "enabled": ["61dd3d93-2859-416c-8547-55047c9ced72", "f14c7707-bf2f-4402-addf-d475efba557c"] ,
        "view": ["61dd3d93-2859-416c-8547-55047c9ced72", "f14c7707-bf2f-4402-addf-d475efba557c"] ,
        "edit": []
      },
      "loadBalancer": {
        "view": ["61dd3d93-2859-416c-8547-55047c9ced72", "f14c7707-bf2f-4402-addf-d475efba557c"] ,
        "edit": []
      },
      "vCoresProduction": {
        "view": ["61dd3d93-2859-416c-8547-55047c9ced72", "f14c7707-bf2f-4402-addf-d475efba557c"] ,
        "edit": []
      },
      "vCoresSandbox": {
        "view": ["61dd3d93-2859-416c-8547-55047c9ced72", "f14c7707-bf2f-4402-addf-d475efba557c"] ,
        "edit": []
      },
      "vCoresDesign": {
        "view": ["61dd3d93-2859-416c-8547-55047c9ced72", "f14c7707-bf2f-4402-addf-d475efba557c"] ,
        "edit": []
      },
      "staticIps": {
        "view": ["61dd3d93-2859-416c-8547-55047c9ced72", "f14c7707-bf2f-4402-addf-d475efba557c"] ,
        "edit": []
      },
      "vpcs": {
        "view": ["61dd3d93-2859-416c-8547-55047c9ced72", "f14c7707-bf2f-4402-addf-d475efba557c"] ,
        "edit": []
      },
      "vpns": {
        "view": ["61dd3d93-2859-416c-8547-55047c9ced72", "f14c7707-bf2f-4402-addf-d475efba557c"] ,
        "edit": []
      },
      "globalDeployment": {
        "enabled": ["61dd3d93-2859-416c-8547-55047c9ced72", "f14c7707-bf2f-4402-addf-d475efba557c"] ,
        "view": ["61dd3d93-2859-416c-8547-55047c9ced72", "f14c7707-bf2f-4402-addf-d475efba557c"] ,
        "edit": []
      },
      "workerLoggingOverride": {
        "enabled": ["61dd3d93-2859-416c-8547-55047c9ced72", "f14c7707-bf2f-4402-addf-d475efba557c"] ,
        "view": [],
        "edit": []
      },
      "designCenter": {
        "enabled": ["61dd3d93-2859-416c-8547-55047c9ced72", "f14c7707-bf2f-4402-addf-d475efba557c"] ,
        "view": [],
        "edit": []
      },
      "apiMonitoring": {
        "enabled": ["61dd3d93-2859-416c-8547-55047c9ced72", "f14c7707-bf2f-4402-addf-d475efba557c"] ,
        "view": [],
        "edit": []
      },
      "monitoringCenter": {
        "enabled": ["61dd3d93-2859-416c-8547-55047c9ced72", "f14c7707-bf2f-4402-addf-d475efba557c"] ,
        "view": [],
        "edit": []
      },
      "apiQuery": {
        "enabled": [],
        "view": [],
        "edit": []
      },
      "apiQueryC360": {
        "enabled": [],
        "view": [],
        "edit": []
      },
      "angGovernance": {
        "enabled": [],
        "view": [],
        "edit": []
      },
      "apiGovernance": {
        "enabled": [],
        "view": [],
        "edit": []
      },
      "partnersProduction": {
        "enabled": ["61dd3d93-2859-416c-8547-55047c9ced72", "f14c7707-bf2f-4402-addf-d475efba557c"] ,
        "view": ["61dd3d93-2859-416c-8547-55047c9ced72", "f14c7707-bf2f-4402-addf-d475efba557c"] ,
        "edit": []
      },
      "partnersSandbox": {
        "enabled": ["61dd3d93-2859-416c-8547-55047c9ced72", "f14c7707-bf2f-4402-addf-d475efba557c"] ,
        "view": ["61dd3d93-2859-416c-8547-55047c9ced72", "f14c7707-bf2f-4402-addf-d475efba557c"] ,
        "edit": []
      },
      "tradingPartnersProduction": {
        "enabled": [],
        "view": ["61dd3d93-2859-416c-8547-55047c9ced72", "f14c7707-bf2f-4402-addf-d475efba557c"] ,
        "edit": []
      },
      "tradingPartnersSandbox": {
        "enabled": [],
        "view": ["61dd3d93-2859-416c-8547-55047c9ced72", "f14c7707-bf2f-4402-addf-d475efba557c"] ,
        "edit": []
      },
      "messaging": {
        "enabled": ["61dd3d93-2859-416c-8547-55047c9ced72", "f14c7707-bf2f-4402-addf-d475efba557c"] ,
        "view": ["61dd3d93-2859-416c-8547-55047c9ced72", "f14c7707-bf2f-4402-addf-d475efba557c"] ,
        "edit": []
      },
      "mqMessages": {
        "enabled": ["61dd3d93-2859-416c-8547-55047c9ced72", "f14c7707-bf2f-4402-addf-d475efba557c"] ,
        "view": ["61dd3d93-2859-416c-8547-55047c9ced72", "f14c7707-bf2f-4402-addf-d475efba557c"] ,
        "edit": []
      },
      "mqRequests": {
        "enabled": ["61dd3d93-2859-416c-8547-55047c9ced72", "f14c7707-bf2f-4402-addf-d475efba557c"] ,
        "view": ["61dd3d93-2859-416c-8547-55047c9ced72", "f14c7707-bf2f-4402-addf-d475efba557c"] ,
        "edit": []
      },
      "mqAdvancedFeatures": {
        "enabled": [],
        "view": ["61dd3d93-2859-416c-8547-55047c9ced72", "f14c7707-bf2f-4402-addf-d475efba557c"] ,
        "edit": []
      },
      "objectStoreRequestUnits": {
        "enabled": ["61dd3d93-2859-416c-8547-55047c9ced72", "f14c7707-bf2f-4402-addf-d475efba557c"] ,
        "view": ["61dd3d93-2859-416c-8547-55047c9ced72", "f14c7707-bf2f-4402-addf-d475efba557c"] ,
        "edit": []
      },
      "objectStoreKeys": {
        "enabled": [],
        "view": ["61dd3d93-2859-416c-8547-55047c9ced72", "f14c7707-bf2f-4402-addf-d475efba557c"] ,
        "edit": []
      },
      "kpiDashboard": {
        "enabled": ["61dd3d93-2859-416c-8547-55047c9ced72", "f14c7707-bf2f-4402-addf-d475efba557c"] ,
        "view": ["61dd3d93-2859-416c-8547-55047c9ced72", "f14c7707-bf2f-4402-addf-d475efba557c"] ,
        "edit": []
      },
      "pcf": {
        "enabled": [],
        "view": ["61dd3d93-2859-416c-8547-55047c9ced72", "f14c7707-bf2f-4402-addf-d475efba557c"] ,
        "edit": []
      },
      "externalIdentity": {
        "enabled": ["61dd3d93-2859-416c-8547-55047c9ced72", "f14c7707-bf2f-4402-addf-d475efba557c"]
      },
      "cam": {
        "enabled": []
      },
      "apiCommunityManager": {
        "enabled": []
      },
      "apiCatalog": {
        "enabled": []
      },
      "serviceMesh": {
        "enabled": ["61dd3d93-2859-416c-8547-55047c9ced72", "f14c7707-bf2f-4402-addf-d475efba557c"]
      },
      "flexGateway": {
        "enabled": ["61dd3d93-2859-416c-8547-55047c9ced72", "f14c7707-bf2f-4402-addf-d475efba557c"]
      },
      "composer": {
        "enabled": []
      },
      "muleDxWebIde": {
        "enabled": []
      }
    },
    "ang_governance": {
      "view": []
    },
    "api_query": {
      "view": []
    },
    "api_manager": {
      "view": ["61dd3d93-2859-416c-8547-55047c9ced72", "f14c7707-bf2f-4402-addf-d475efba557c"]
    },
    "api_platform": {
      "view": []
    },
    "app_viz": {
      "enabled": ["61dd3d93-2859-416c-8547-55047c9ced72", "f14c7707-bf2f-4402-addf-d475efba557c"] ,
      "edit": [],
      "view": ["61dd3d93-2859-416c-8547-55047c9ced72", "f14c7707-bf2f-4402-addf-d475efba557c"]
    },
    "cloudhub": {
      "view": ["61dd3d93-2859-416c-8547-55047c9ced72", "f14c7707-bf2f-4402-addf-d475efba557c"]
    },
    "access_manager": {
      "view": ["61dd3d93-2859-416c-8547-55047c9ced72", "f14c7707-bf2f-4402-addf-d475efba557c"]
    },
    "admin": {
      "view": []
    },
    "onboarding": {
      "enabled": []
    },
    "support": {
      "view": ["61dd3d93-2859-416c-8547-55047c9ced72", "f14c7707-bf2f-4402-addf-d475efba557c"]
    },
    "general": {
      "view": ["61dd3d93-2859-416c-8547-55047c9ced72", "f14c7707-bf2f-4402-addf-d475efba557c"]
    },
    "openid": {
      "view": ["61dd3d93-2859-416c-8547-55047c9ced72", "f14c7707-bf2f-4402-addf-d475efba557c"]
    },
    "design_center": {
      "view": ["61dd3d93-2859-416c-8547-55047c9ced72", "f14c7707-bf2f-4402-addf-d475efba557c"]
    },
    "dgw": {
      "view": ["61dd3d93-2859-416c-8547-55047c9ced72", "f14c7707-bf2f-4402-addf-d475efba557c"]
    },
    "dias-admin-console": {
      "view": []
    },
    "exchange2": {
      "view": ["61dd3d93-2859-416c-8547-55047c9ced72", "f14c7707-bf2f-4402-addf-d475efba557c"]
    },
    "kpi_dashboard": {
      "view": ["61dd3d93-2859-416c-8547-55047c9ced72", "f14c7707-bf2f-4402-addf-d475efba557c"]
    },
    "messaging": {
      "view": ["61dd3d93-2859-416c-8547-55047c9ced72", "f14c7707-bf2f-4402-addf-d475efba557c"]
    },
    "api_monitoring": {
      "view": ["61dd3d93-2859-416c-8547-55047c9ced72", "f14c7707-bf2f-4402-addf-d475efba557c"]
    },
    "monitoring_center": {
      "view": ["61dd3d93-2859-416c-8547-55047c9ced72", "f14c7707-bf2f-4402-addf-d475efba557c"]
    },
    "partner_manager": {
      "view": []
    },
    "partners": {
      "view": ["61dd3d93-2859-416c-8547-55047c9ced72", "f14c7707-bf2f-4402-addf-d475efba557c"]
    },
    "secrets_manager": {
      "view": ["61dd3d93-2859-416c-8547-55047c9ced72", "f14c7707-bf2f-4402-addf-d475efba557c"]
    },
    "security_fabric_edge": {
      "view": []
    },
    "store": {
      "view": ["61dd3d93-2859-416c-8547-55047c9ced72", "f14c7707-bf2f-4402-addf-d475efba557c"]
    },
    "tokenization": {
      "view": []
    }
  }
}
