{
  "hybrid": {
    "enabled": true
  },
  "createEnvironments": true,
  "globalDeployment": true,
  "createSubOrgs": true,
  "vCoresProduction": { "assigned": 1, "reassigned": 0 },
  "vCoresSandbox": { "assigned": 1, "reassigned": 0 },
  "vCoresDesign": { "assigned": 1, "reassigned": 0 },
  "staticIps": { "assigned": 1, "reassigned": 0 },
  "vpcs": { "assigned": 0, "reassigned": 0 },
  "vpns": { "assigned": 0, "reassigned": 0 },
  "networkConnections": { "assigned": 0, "reassigned": 0 },
  "workerLoggingOverride": { "enabled": false },
  "messaging": { "assigned": 0 },
  "mqMessages": { "base": 0, "addOn": 0 },
  "mqRequests": { "base": 0, "addOn": 0 },
  "mqAdvancedFeatures": { "enabled": false },
  "objectStoreRequestUnits": { "base": 0, "addOn": 0 },
  "objectStoreKeys": { "base": 0, "addOn": 0 },
  "gateways": { "assigned": 0 },
  "designCenter": { "mozart": true, "api": true, "apiVisual": false, "apiExample": false },
  "partnersProduction": { "assigned": 0 },
  "partnersSandbox": { "assigned": 0 },
  "tradingPartnersProduction":  { "assigned": 0 },
  "tradingPartnersSandbox":  { "assigned": 0 },
  "loadBalancer": { "assigned": 0, "reassigned": 0 },
  "externalIdentity": true,
  "autoscaling": false,
  "armAlerts": false,
  "hybridInsight": true,
  "hybridAutoDiscoverProperties": true,
  "apis": {
    "enabled": true
  },
  "apiCatalog": {
    "enabled": false
  },
  "apiMonitoring": {
    "schedules": 0
  },
  "apiCommunityManager": {
    "enabled": false
  },
  "monitoringCenter": {
    "productSKU": 0,
    "rawStorageOverrideGB": 0,
    "dataRegion": "us-east-1",
    "productionUnits": 0,
    "preProductionUnits": 0,
    "storageBase": 0,
    "storageAddOn": 0
  },
  "apiQuery": {
    "enabled": false,
    "productSKU": 1
  },
  "apiQueryC360": {
    "enabled": false
  },
  "angGovernance": {
    "level": -1
  },
  "apiGovernance": {
    "enabled": true,
    "apisPerMonth": 0
  },
  "crowd": {
    "hideApiManagerDesigner": false,
    "hideFormerApiPlatform": false,
    "environments": false
  },
  "cam": {
    "enabled": false
  },
  "exchange2": {
    "enabled": false
  },
  "crowdSelfServiceMigration": { "enabled": false },
  "kpiDashboard": {
    "enabled": false
  },
  "pcf": false,
  "appViz": false,
  "workerClouds": { "assigned": 0, "reassigned": 0 },
  "runtimeFabric": false,
  "serviceMesh": {
    "enabled": false
  },
  "flexGateway": {
    "enabled": false
  },
  "runtimeFabricCloud": {
    "enabled": false
  },
  "composer": {
    "enabled": false,
    "tasksPerMonth": 100,
    "maxConnectors": 3,
    "unlimitedConnectors": false
  },
  "muleDxWebIde": {
    "enabled": false
  }
}
